{
  "intents": [
    {
      "tag": "greeting",
      "patterns": [
        "Hi",
        "Hey",
        "How are you",
        "Hello",
        "Good day"
      ],
      "responses": [
        "Hello! How can I help you today?",
        "Hi there, what can I do for you?"
      ]
    },
    {
      "tag": "goodbye",
      "patterns": [
        "Bye",
        "See you later",
        "Goodbye"
      ],
      "responses": [
        "Goodbye! Have a nice day.",
        "See you later!"
      ]
    },
    {
      "tag": "thanks",
      "patterns": [
        "Thanks",
        "Thank you",
        "That's helpful"
      ],
      "responses": [
        "You're welcome!",
        "Happy to help!"
      ]
    },
    {
      "tag": "order_status",
      "patterns": [
        "Where is my order",
        "Track my order",
        "Order status",
        "Has my order shipped?"
      ],
      "responses": [
        "Please provide your order ID and I'll check that for you.",
        "Share your order ID and I'll fetch the status."
      ]
    },
    {
      "tag": "refund",
      "patterns": [
        "I want a refund",
        "Refund please",
        "How do I return my item?"
      ],
      "responses": [
        "You can request a refund through your orders page. Would you like a link to the orders page?",
        "I can help with refunds \u2014 please provide your order ID."
      ]
    }
  ]
}